"Species","Family","Trials","log_trials_s","cases","gestation_s"
"Eublepharis_macularius","Gekkonidae",38,0.215207586571821,7,-0.264458084345837
"Tiliqua_scincoides","Scincidae",25,-0.795577942588904,6,0.69936660354131
"Boa_constrictor","Boidae",55,1.10779349075867,11,0.732040753120305
"Sanzinia_madagascariensis","Boidae",23,-0.996864886562418,4,-1.38772849010881
"Morelia_spilota","Pythonidae",63,1.43562450235239,3,-0.0996233908108091
"Morelia_viridis","Pythonidae",47,0.728340441741024,4,-0.253473475018929
"Python_bivittatus","Pythonidae",24,-0.894124068388562,8,0.350978441527718
"Naja_annulifera","Elapidae",29,-0.437285393009675,0,-1.37113883427161
"Boiga_dendrophila","Colubridae",68,1.61999229876824,1,-1.68959422565274
"Lampropeltis_getula","Colubridae",33,-0.125362477560199,11,-0.138781335932904
"Pantherophis_guttatus","Colubridae",67,1.58422801716777,23,-0.344266517032014
"Spilotes_pullatus","Colubridae",21,-1.21647483959477,2,-1.65440941507103
"Crotalus_atrox","Viperidae",27,-0.60979053727948,1,1.08365183239858
"Crotalus_horridus","Viperidae",26,-0.700897381832915,4,0.825455374945925
"Crotalus_durissus","Viperidae",30,-0.355445526646025,5,0.682491381969034
"Agkistrodon_contortrix","Viperidae",21,-1.21647483959477,2,0.548973280881321
"Tropidolaemus_wagleri","Viperidae",34,-0.0532960854935061,1,2.09431341185064
"Varanus_salvadorii","Varanidae",23,-0.996864886562418,1,0.538085155332056
"Sauromalus_ater","Iguanidae",41,0.398640974284714,3,-0.81307357740034
"Agama_agama","Agamidae",20,-1.33425648433144,0,0.461191110078136
