"Species","Family","Trials","log_trials_s","cases","longevity_s"
"Phelsuma_grandis","Gekkonidae",21,-1.21647483959477,2,-0.402329258834483
"Phelsuma_standingi","Gekkonidae",22,-1.10417343524561,0,-0.963254075534929
"Uroplatus_sikorae","Gekkonidae",64,1.47364174244952,1,-4.1831532130819
"Eublepharis_macularius","Gekkonidae",38,0.215207586571821,6,0.789124775436341
"Tiliqua_scincoides","Scincidae",25,-0.795577942588904,4,0.678016334429306
"Corallus_caninus","Boidae",54,1.06349784698227,2,0.101884288224876
"Boa_constrictor","Boidae",55,1.10779349075867,7,1.35104645607313
"Sanzinia_madagascariensis","Boidae",23,-0.996864886562418,3,0.357538033930128
"Acrantophis_dumerili","Boidae",22,-1.10417343524561,2,0.641274809920407
"Morelia_spilota","Pythonidae",63,1.43562450235239,1,0.186219453642777
"Morelia_viridis","Pythonidae",47,0.728340441741024,2,0.26635706250154
"Simalia_boeleni","Pythonidae",25,-0.795577942588904,1,0.226786677699392
"Python_bivittatus","Pythonidae",24,-0.894124068388562,5,1.08274154338292
"Naja_annulifera","Elapidae",29,-0.437285393009675,0,0.419255427770179
"Boiga_dendrophila","Colubridae",68,1.61999229876824,1,-0.0429713777527495
"Lampropeltis_getula","Colubridae",33,-0.125362477560199,11,1.03979410122217
"Lampropeltis_triangulum","Colubridae",46,0.676423497699332,16,0.415577959944773
"Pituophis_catenifer","Colubridae",25,-0.795577942588904,8,1.06379504676044
"Pantherophis_guttatus","Colubridae",67,1.58422801716777,16,0.990691711055052
"Spilotes_pullatus","Colubridae",21,-1.21647483959477,2,0.00371112670323773
"Hydrodynastes_gigas","Colubridae",33,-0.125362477560199,1,-0.0524724887197069
"Erpeton_tentaculatum","Homalopsidae",56,1.15129097124331,0,-0.402329258834483
"Bitis_gabonica","Viperidae",35,0.016681128724098,3,0.0490784545751121
"Bitis_nasicornis","Viperidae",32,-0.199646641812229,3,-0.997159193896276
"Bitis_arietans","Viperidae",83,2.10119086656246,1,-0.160860601989123
"Bothriechis_schlegelii","Viperidae",25,-0.795577942588904,2,0.17798192346857
"Sistrurus_miliarius","Viperidae",21,-1.21647483959477,1,-0.130569421101304
"Crotalus_lepidus","Viperidae",49,0.8289402000371,2,1.05423754904822
"Crotalus_polystictus","Viperidae",33,-0.125362477560199,0,-1.80276817660568
"Crotalus_atrox","Viperidae",27,-0.60979053727948,1,0.70205310360342
"Crotalus_horridus","Viperidae",26,-0.700897381832915,3,0.882429817210246
"Crotalus_durissus","Viperidae",30,-0.355445526646025,4,0.202569174151289
"Agkistrodon_contortrix","Viperidae",21,-1.21647483959477,1,0.860957050588179
"Varanus_salvadorii","Varanidae",23,-0.996864886562418,0,0.218754573080377
"Varanus_beccarii","Varanidae",31,-0.276289423598201,5,-0.332803341048349
"Varanus_prasinus","Varanidae",41,0.398640974284714,2,-0.332803341048349
"Elgaria_kingii","Anguidae",22,-1.10417343524561,1,-0.564130380533915
"Heloderma_horridum","Helodermatidae",33,-0.125362477560199,4,1.09213185359041
"Heloderma_suspectum","Helodermatidae",63,1.43562450235239,10,0.811570206894269
"Basiliscus_plumifrons","Corytophanidae",22,-1.10417343524561,0,-0.474992725559737
"Anolis_equestris","Dactyloidae",20,-1.33425648433144,3,-0.0910475937952855
"Sceloporus_cyanogenys","Phrynosomatidae",56,1.15129097124331,2,-1.54245550680906
"Ctenosaura_bakeri","Iguanidae",80,2.01232028419206,0,-0.378818861176003
"Sauromalus_ater","Iguanidae",41,0.398640974284714,2,-1.01438324725527
"Iguana_iguana","Iguanidae",32,-0.199646641812229,0,0.202569174151289
"Furcifer_pardalis","Chamaeleonidae",41,0.398640974284714,4,-1.95061814212162
"Pogona_vitticeps","Agamidae",59,1.27726972013431,6,-0.603896194453194
"Chlamydosaurus_kingii","Agamidae",32,-0.199646641812229,0,-0.913698361328856
"Gonocephalus_chamaeleontinus","Agamidae",40,0.339031899930309,0,1.46936707242226
