"Species","Family","Trials","log_trials_s","cases","litter_size_s"
"Tiliqua_scincoides","Scincidae",25,-0.795577942588904,4,-0.284728725759931
"Corallus_caninus","Boidae",54,1.06349784698227,2,-0.465400566487239
"Boa_constrictor","Boidae",55,1.10779349075867,7,1.10796437289948
"Morelia_spilota","Pythonidae",63,1.43562450235239,1,0.571398436799117
"Morelia_viridis","Pythonidae",47,0.728340441741024,2,0.237772998234659
"Python_bivittatus","Pythonidae",24,-0.894124068388562,5,0.839865186833353
"Lampropeltis_getula","Colubridae",33,-0.125362477560199,11,-0.178772664650545
"Pituophis_catenifer","Colubridae",25,-0.795577942588904,8,-0.949342452389789
"Pantherophis_guttatus","Colubridae",67,1.58422801716777,16,-0.0820423594884659
"Hydrodynastes_gigas","Colubridae",33,-0.125362477560199,1,-0.284728725759931
"Bitis_gabonica","Viperidae",35,0.016681128724098,3,2.76940468866138
"Bitis_arietans","Viperidae",83,2.10119086656246,1,2.76940468866138
"Crotalus_lepidus","Viperidae",49,0.8289402000371,2,-1.06647144384145
"Crotalus_atrox","Viperidae",27,-0.60979053727948,1,0.089326521415577
"Crotalus_horridus","Viperidae",26,-0.700897381832915,3,-0.465400566487239
"Agkistrodon_contortrix","Viperidae",21,-1.21647483959477,1,-0.919429512012018
"Varanus_salvadorii","Varanidae",23,-0.996864886562418,0,-0.659228740779511
"Varanus_beccarii","Varanidae",31,-0.276289423598201,5,-1.27591586868418
"Varanus_prasinus","Varanidae",41,0.398640974284714,2,-1.27591586868418
"Elgaria_kingii","Anguidae",22,-1.10417343524561,1,-0.230488836307548
"Heloderma_horridum","Helodermatidae",33,-0.125362477560199,4,-0.54678058660714
"Heloderma_suspectum","Helodermatidae",63,1.43562450235239,10,-0.990521130824664
"Plica_plica","Tropiduridae",33,-0.125362477560199,1,-1.75899535298311
"Basiliscus_plumifrons","Corytophanidae",22,-1.10417343524561,0,-0.178772664650545
"Sceloporus_cyanogenys","Phrynosomatidae",56,1.15129097124331,2,0.00694089542753241
"Phrynosoma_asio","Phrynosomatidae",51,0.925514872191909,0,0.337394585160231
"Ctenosaura_bakeri","Iguanidae",80,2.01232028419206,0,0.166025704256188
"Sauromalus_ater","Iguanidae",41,0.398640974284714,2,-0.575287205214281
"Iguana_iguana","Iguanidae",32,-0.199646641812229,0,1.10796437289948
"Furcifer_pardalis","Chamaeleonidae",41,0.398640974284714,4,0.688527428250778
"Calumma_parsonii","Chamaeleonidae",33,-0.125362477560199,0,0.819466500543771
"Chamaeleo_calyptratus","Chamaeleonidae",87,2.21481394893749,0,1.10796437289948
"Pogona_vitticeps","Agamidae",59,1.27726972013431,6,0.428818449643601
"Chlamydosaurus_kingii","Agamidae",32,-0.199646641812229,0,-0.284728725759931
"Stellagama_stellio","Agamidae",38,0.215207586571821,2,-0.575287205214281
