"Species","Family","Trials","log_trials_s","cases","mass_s"
"Phelsuma_grandis","Gekkonidae",21,-1.21647483959477,2,-1.62119441435193
"Phelsuma_standingi","Gekkonidae",22,-1.10417343524561,0,-0.414352778505165
"Eublepharis_macularius","Gekkonidae",38,0.215207586571821,7,-1.34234945493846
"Tiliqua_scincoides","Scincidae",25,-0.795577942588904,6,0.0151841391333504
"Boa_constrictor","Boidae",55,1.10779349075867,11,1.03153379061911
"Morelia_spilota","Pythonidae",63,1.43562450235239,3,1.80889637333807
"Morelia_viridis","Pythonidae",47,0.728340441741024,4,0.966356143178344
"Python_bivittatus","Pythonidae",24,-0.894124068388562,8,1.84560754340072
"Lampropeltis_getula","Colubridae",33,-0.125362477560199,11,0.748466396231475
"Lampropeltis_triangulum","Colubridae",46,0.676423497699332,18,0.353751958675763
"Pituophis_catenifer","Colubridae",25,-0.795577942588904,9,1.40452623848364
"Pantherophis_guttatus","Colubridae",67,1.58422801716777,23,0.325845345700368
"Erpeton_tentaculatum","Homalopsidae",56,1.15129097124331,0,-0.668871079984641
"Bitis_gabonica","Viperidae",35,0.016681128724098,4,0.827994618791023
"Bitis_nasicornis","Viperidae",32,-0.199646641812229,3,0.208515454327733
"Bitis_arietans","Viperidae",83,2.10119086656246,2,0.827994618791023
"Sistrurus_miliarius","Viperidae",21,-1.21647483959477,2,-0.460906662848406
"Crotalus_lepidus","Viperidae",49,0.8289402000371,2,-0.403636547000434
"Crotalus_atrox","Viperidae",27,-0.60979053727948,1,1.36199317046189
"Crotalus_horridus","Viperidae",26,-0.700897381832915,4,0.196130255477605
"Crotalus_durissus","Viperidae",30,-0.355445526646025,5,0.452364471469917
"Agkistrodon_contortrix","Viperidae",21,-1.21647483959477,2,0.353751958675763
"Varanus_salvadorii","Varanidae",23,-0.996864886562418,1,2.41466090709738
"Varanus_beccarii","Varanidae",31,-0.276289423598201,8,-0.361779176396903
"Varanus_prasinus","Varanidae",41,0.398640974284714,4,-0.361779176396903
"Elgaria_kingii","Anguidae",22,-1.10417343524561,1,-1.99671616167052
"Heloderma_horridum","Helodermatidae",33,-0.125362477560199,4,0.492980370009627
"Heloderma_suspectum","Helodermatidae",63,1.43562450235239,11,0.0748455068293422
"Plica_plica","Tropiduridae",33,-0.125362477560199,1,-0.993633216881347
"Basiliscus_plumifrons","Corytophanidae",22,-1.10417343524561,0,-1.0211498437331
"Anolis_equestris","Dactyloidae",20,-1.33425648433144,4,-1.10751602227793
"Crotaphytus_collaris","Crotaphytidae",28,-0.52199741301844,1,-1.43790886307867
"Sceloporus_cyanogenys","Phrynosomatidae",56,1.15129097124331,2,-1.3414785661884
"Phrynosoma_asio","Phrynosomatidae",51,0.925514872191909,0,-0.808244671488253
"Ctenosaura_bakeri","Iguanidae",80,2.01232028419206,0,-0.0934883375769697
"Sauromalus_ater","Iguanidae",41,0.398640974284714,3,-0.37746698723856
"Iguana_iguana","Iguanidae",32,-0.199646641812229,1,0.599727318701702
"Chamaeleo_calyptratus","Chamaeleonidae",87,2.21481394893749,4,-0.449924544368477
"Pogona_vitticeps","Agamidae",59,1.27726972013431,10,0.0224612511576816
"Chlamydosaurus_kingii","Agamidae",32,-0.199646641812229,0,-0.0329248172512798
"Stellagama_stellio","Agamidae",38,0.215207586571821,2,-1.27343675879064
"Agama_agama","Agamidae",20,-1.33425648433144,0,0.235170250415468
