"variable","mean","sd","rhat","ess_bulk","ess_tail"
"b_Intercept",-1.90452043459611,0.233859507661202,1.00038342015185,6301.22833601218,5212.05716102836
"b_zi_Intercept",-2.9301372109287,0.76890418117547,1.00049923482618,10663.5651004065,5911.05302129359
"b_longevity_s",0.430675620070372,0.198302585242423,1.00125540311238,11095.2279796962,6151.78165395457
"b_zi_log_trials_s",0.159526988112356,0.616061163677877,1.00064163889484,10311.7004536336,5438.71093762059
"sd_Species__Intercept",0.25065291093088,0.200922186485738,1.00055229743362,3712.34722355191,3946.77381193043
"phi",7.54081445269332,1.97419167681638,1.00020332499578,10148.9635163233,5879.91951797241
"Intercept",-1.90452043459611,0.233859507661202,1.00038210148645,6301.22833601218,5212.05716102836
"Intercept_zi",-2.92607676204157,0.768688508281693,1.00049338893455,10588.8756993799,5916.5316742722
"r_Species[Phelsuma_grandis,Intercept]",0.00176387397785267,0.285264839403047,1.00207124785588,10151.2312789737,6853.72250881898
"r_Species[Phelsuma_standingi,Intercept]",-0.023115108105846,0.29099515224545,1.00150658996014,10625.9172727595,6484.44221253974
"r_Species[Uroplatus_sikorae,Intercept]",0.0291004442981537,0.29679727421926,1.00051530089668,10388.5422049306,6466.26708238895
"r_Species[Eublepharis_macularius,Intercept]",0.0148366750621679,0.28685248982794,1.00057355427258,10269.3374175164,6588.5777008553
"r_Species[Tiliqua_scincoides,Intercept]",0.042994148393393,0.29675302014425,1.00009766807413,10217.0442425214,6651.09479102286
"r_Species[Corallus_caninus,Intercept]",-0.0369215537848596,0.279961031472476,1.00080007782438,7144.87507631853,6251.63996354577
"r_Species[Boa_constrictor,Intercept]",-0.0222284202029208,0.280429833509376,1.0014841246664,6949.47326137602,5526.31981703527
"r_Species[Sanzinia_madagascariensis,Intercept]",-0.00698731966669233,0.269945176825125,1.00036329242055,7151.44984016694,5878.38193986589
"r_Species[Acrantophis_dumerili,Intercept]",-0.00679008122479221,0.265797988558491,1.00021451702692,7341.83933428711,5981.00323230453
"r_Species[Morelia_spilota,Intercept]",-0.0364028083539357,0.265920236963733,1.00046373093403,7058.5454168121,6387.52037777747
"r_Species[Morelia_viridis,Intercept]",-0.034699869883792,0.268260004742366,1.00024555332786,7313.34602948713,5963.29589296019
"r_Species[Simalia_boeleni,Intercept]",-0.0362256873100871,0.269751312884566,1.00020131120271,7103.29630193122,5874.73981337326
"r_Species[Python_bivittatus,Intercept]",-0.0209701277809711,0.269486004941087,1.00117715795659,7142.27333630075,6022.89470003657
"r_Species[Naja_annulifera,Intercept]",-0.0627942056031535,0.281205029130353,1.00000348291035,6930.27690573547,5663.7049147274
"r_Species[Boiga_dendrophila,Intercept]",-0.0369825306266935,0.264079580625522,0.999803781467122,6809.78274779,5781.73525402355
"r_Species[Lampropeltis_getula,Intercept]",0.0426421357461738,0.261961286111223,1.00010223713169,7066.50889686014,5827.03523731179
"r_Species[Lampropeltis_triangulum,Intercept]",0.0431895746290368,0.263479146674176,1.00009821275201,6809.14926852216,6011.32373330172
"r_Species[Pituophis_catenifer,Intercept]",0.0364333560983533,0.261195032821226,1.0001030302033,6961.45343464442,6051.07823175166
"r_Species[Pantherophis_guttatus,Intercept]",0.0382958969816229,0.264307802961099,1.00065840046702,6904.16492025201,5846.63926091481
"r_Species[Spilotes_pullatus,Intercept]",-0.0183464483103805,0.259349312532818,1.00018021931029,7144.47073339343,6064.6102228987
"r_Species[Hydrodynastes_gigas,Intercept]",-0.0498908419134935,0.265346107787189,1.00041511537227,6546.54966123241,6081.99340237675
"r_Species[Erpeton_tentaculatum,Intercept]",-0.0702057524731223,0.285597396803791,1.00006643651347,6291.12542205597,5469.11070578189
"r_Species[Bitis_gabonica,Intercept]",-0.0404811082509045,0.253257860118621,0.999961075469333,6963.92808161886,6221.44528799513
"r_Species[Bitis_nasicornis,Intercept]",-0.0379450340381519,0.256718286505987,1.00022840530231,7018.6630225957,6349.57593586882
"r_Species[Bitis_arietans,Intercept]",-0.0558296820386357,0.262066800768381,1.00010295471664,6639.48946630228,6069.42524721627
"r_Species[Bothriechis_schlegelii,Intercept]",-0.0696259119658798,0.262151664212133,1.00044160846203,6538.60534863351,5616.38064017301
"r_Species[Sistrurus_miliarius,Intercept]",-0.0714115656487208,0.261336476899845,0.99991174024667,6348.67719961377,5537.68672645471
"r_Species[Crotalus_lepidus,Intercept]",-0.0805530493427423,0.26296125857303,1.00029558164871,6007.103074259,5277.99477770407
"r_Species[Crotalus_polystictus,Intercept]",-0.07976868259667,0.262900513567565,0.999918764777111,6366.60031764159,5450.27398975339
"r_Species[Crotalus_atrox,Intercept]",-0.0791907713124959,0.263826281003921,1.00013153869399,6072.4816640286,4968.9027747569
"r_Species[Crotalus_horridus,Intercept]",-0.0723082388208765,0.259269599014005,0.999770684617523,6258.30146665252,4830.36541645504
"r_Species[Crotalus_durissus,Intercept]",-0.071330691717551,0.260490888223011,1.00011549369481,6528.6364384931,5518.68223839674
"r_Species[Agkistrodon_contortrix,Intercept]",-0.0717680393020204,0.26476585187482,1.00000938694809,6438.68463176991,5554.13101363431
"r_Species[Varanus_salvadorii,Intercept]",0.00126742968578782,0.278464617426575,1.00084274015323,8866.42896498818,6044.37110533793
"r_Species[Varanus_beccarii,Intercept]",0.0279319801552205,0.282762262489768,1.00075231539694,8588.50011546352,6462.97774349654
"r_Species[Varanus_prasinus,Intercept]",0.0234240324792183,0.279895913040084,1.00041708207207,8818.86760656772,6760.15781599842
"r_Species[Elgaria_kingii,Intercept]",-0.0188894791858698,0.289853871265015,1.00047031103458,9275.56638640144,6433.08675004762
"r_Species[Heloderma_horridum,Intercept]",-0.0154812761712255,0.276403654928217,1.0003356800495,8233.46432838488,5556.0093545104
"r_Species[Heloderma_suspectum,Intercept]",-0.0106574292955137,0.275260333694452,0.999970213459375,8514.50103732847,6175.94769265101
"r_Species[Basiliscus_plumifrons,Intercept]",-0.092224442891259,0.314799649278315,1.00019062558276,7804.48463004224,5910.04100144007
"r_Species[Anolis_equestris,Intercept]",-0.0215624739004143,0.295255474502054,0.999981174494677,9494.59661161964,5810.31442542899
"r_Species[Sceloporus_cyanogenys,Intercept]",-0.0502070255556718,0.296598113465609,0.999734889598368,8753.40913164409,6354.53620952774
"r_Species[Ctenosaura_bakeri,Intercept]",-0.111474471612266,0.320034581004683,1.00048911852818,6692.17098687896,5771.19369353854
"r_Species[Sauromalus_ater,Intercept]",-0.0848183183467033,0.294540189149669,1.00028809264092,7486.80625587924,5920.6245976587
"r_Species[Iguana_iguana,Intercept]",-0.0984709181275567,0.297872808805648,1.00079552585927,7699.38563720121,5595.90120274451
"r_Species[Furcifer_pardalis,Intercept]",0.0036775976506178,0.302975090419045,1.00136521602485,10053.9203517704,6506.59663770967
"r_Species[Pogona_vitticeps,Intercept]",-0.0388763090103145,0.302137457416516,1.00026022683226,9351.10047488563,6381.38613604224
"r_Species[Chlamydosaurus_kingii,Intercept]",-0.0583731986861707,0.305585659369805,1.00012880152926,8473.32084989611,5927.29305488076
"r_Species[Gonocephalus_chamaeleontinus,Intercept]",-0.0892632164469177,0.335914995261123,1.00060479480523,8424.87483874416,5807.78469326774
"lprior",-15.4718892115402,2.31018391552922,1.0004453123239,9039.00403629319,6254.49028518049
"lp__",-205.211286195848,5.59517907938717,1.00002956032638,3117.33231636031,4595.87403167729
"z_1[1,1]",0.0176442687108793,0.94963897061786,1.00104558200022,12976.8705651775,5991.44895408443
"z_1[1,2]",-0.0868956050942215,0.989914498928831,1.00127838628959,13969.4898779346,6163.02043483705
"z_1[1,3]",0.129612972549175,0.997838314249774,1.00069242310714,13684.9603097816,5956.56462117421
"z_1[1,4]",0.0485444529292006,0.980445409768985,1.00060079131253,13442.425128264,5680.94134424372
"z_1[1,5]",0.124565034297214,0.98467052661484,0.99998387300148,11892.4694163144,6181.64262764302
"z_1[1,6]",-0.116389960658519,0.956135736734856,1.00038840273491,9528.70031732243,6391.88545797982
"z_1[1,7]",0.014771702770529,0.992071813550381,1.00035155707416,11489.7986733758,6175.28882185837
"z_1[1,8]",0.0520236911910755,0.973521224728472,1.00024496663955,11457.8510426789,6323.28564070946
"z_1[1,9]",0.0202850704429838,0.960098800731057,1.00065436234882,13405.4029016836,6066.76760408487
"z_1[1,10]",-0.0935601979335955,0.96616008869833,1.00031911603571,11361.3756009451,6627.30363383979
"z_1[1,11]",-0.00688639538486404,0.998455964345404,1.00023910279075,13260.0051252888,5481.88984018715
"z_1[1,12]",-0.0334474699043889,0.974171922682734,1.00071436251778,13086.9599484354,6243.32720129178
"z_1[1,13]",0.0730080748531596,0.996138233372928,1.00054743506663,12420.8668857005,5589.93733378124
"z_1[1,14]",-0.165884950842745,0.962403572454511,1.00034826359249,12196.8869948424,5709.53378184698
"z_1[1,15]",0.0238057067182488,0.977931667961798,0.999982039373525,11598.3398834278,5934.60837162872
"z_1[1,16]",0.389588533475333,1.01684875479044,1.00001201456878,11041.5425134486,6032.4427726308
"z_1[1,17]",0.116753623700745,0.978087135891302,1.0002087030611,12080.4496075904,5784.55091449133
"z_1[1,18]",0.105356104708673,1.02057421592053,1.0008474806364,12632.1412831471,5416.37500293737
"z_1[1,19]",0.0815576493523416,1.00951446445113,1.00117674314395,13755.284201894,5806.63538490559
"z_1[1,20]",-0.0578245861531458,0.988903358773475,1.00193719408219,12066.1152457054,5860.66470659155
"z_1[1,21]",-0.143897350120809,1.00165373252307,1.00020640101308,12527.9900187913,5825.82524795157
"z_1[1,22]",-0.209831229697766,1.01753617819348,1.00075742614014,10356.312802696,5857.61329306074
"z_1[1,23]",-0.0503801018348098,0.964756516539664,0.999673283342447,12572.810223929,6013.10959695466
"z_1[1,24]",0.0183187799630239,1.00243167131836,1.00036495519162,13449.9603556771,5325.20866068903
"z_1[1,25]",-0.114762333294721,0.994528831077148,1.00165938187279,12315.9279521729,5912.26546121803
"z_1[1,26]",-0.160951888192273,0.987811788034028,1.00032237126762,11895.5406007872,5912.90477688906
"z_1[1,27]",-0.0921764435320731,0.997053685534264,1.00051900690412,13913.1665490052,5937.20223243136
"z_1[1,28]",-0.110476956121703,0.979740451563164,0.999809941951479,12931.5598756877,6028.15110115942
"z_1[1,29]",-0.0637905766446919,1.01022538339171,1.00149435794156,12947.8308281124,6031.7786146888
"z_1[1,30]",-0.0342085276768066,0.98409142830615,1.00047146657692,11995.6834750383,5560.88086643819
"z_1[1,31]",0.0212198683691091,0.977336348063124,1.00080289508706,11894.4598293641,6434.41254850759
"z_1[1,32]",0.0363052369800444,1.00054232536192,1.00012110089169,12081.7165624438,5580.61194897263
"z_1[1,33]",-0.00936303175161579,0.990803399297799,1.00152018075945,11883.1814115002,5295.59792664796
"z_1[1,34]",0.0308014766599411,0.929548516732169,1.00011446272206,11945.0533273645,6241.36283815107
"z_1[1,35]",0.141616058181761,1.00133914780536,1.00091820446313,13187.0863446519,5726.29333365726
"z_1[1,36]",0.00223466631311163,0.984671591846545,1.00118853527326,12626.2965576574,6212.70459086289
"z_1[1,37]",-0.0477004616753374,0.95692351310522,1.00033126616244,12144.1823055957,5758.29815459269
"z_1[1,38]",-0.0289977420563175,0.954654290743352,1.00084812286608,11835.6347354785,6161.37352710462
"z_1[1,39]",0.0257698988174427,0.982115750059998,1.00016516878899,11783.9479388459,6550.43489557509
"z_1[1,40]",-0.241881987234791,0.96699765871313,0.999752836664756,11114.7121577627,6185.07794208014
"z_1[1,41]",0.053482443857103,0.982239831879273,1.00048903987027,12156.4918732836,5950.03938684767
"z_1[1,42]",-0.034753362334075,0.998005122955993,1.00101605811707,12028.0311461628,5478.19978813342
"z_1[1,43]",-0.243859724920268,1.00788703649402,1.00072354096007,10533.3722361183,5473.49732376467
"z_1[1,44]",0.0112171463670626,0.991389956994399,1.00013856310365,11871.1698104461,6515.80240293176
"z_1[1,45]",-0.0622185489114029,0.996467395262117,1.0011126705173,12511.9669626948,6150.45309690598
"z_1[1,46]",0.0621162133304756,0.983222472556724,1.00014173311644,12661.6311511334,5816.88064525935
"z_1[1,47]",-0.0796020893760537,0.984098220597561,1.00083804113892,13490.1612163204,6163.37394416547
"z_1[1,48]",-0.127918654282698,0.999756290685102,1.00155703061082,12701.8281228164,6220.68878095536
"z_1[1,49]",-0.191584075871884,1.01705026510332,1.00086259990652,12763.0122200434,6230.16287225782
